{
  "final_reproj_error": 0.25291474570576294,
  "fps": 30.0,
  "image_height": 1080,
  "image_width": 1920,
  "intrinsic_type": "PINHOLE",
  "intrinsics": {
    "focal_length_x": 782.4078999974213,
    "focal_length_y": 783.4417075683804,
    "principal_pt_x": 972.6995582961819,
    "principal_pt_y": 541.6528771821531,
    "dist_coeffs": [
      -0.0015575999613826118,
      0.017738837103330123,
      -0.00040190123748384484,
      -0.0015264715149175328,
      -0.012946057041032594
    ]
  },
  "camera_matrix": [
    [
      782.4078999974213,
      0.0,
      972.6995582961819
    ],
    [
      0.0,
      783.4417075683804,
      541.6528771821531
    ],
    [
      0.0,
      0.0,
      1.0
    ]
  ],
  "dist_coeffs": [
    -0.0015575999613826118,
    0.017738837103330123,
    -0.00040190123748384484,
    -0.0015264715149175328,
    -0.012946057041032594
  ],
  "nr_calib_images": 81
}